teach.cs ID,mf,mf,mf,mf,Sum ,Multiply Factor,rf,rf,rf,rf,Sum,Restrict Factor,sov,sov,sov,sov,SUM,Sum Out Variable,ve,ve,ve,ve,ve,ve,ve,ve,SUM,VE,TOTAL Q1,question 2a,question 2b,question 2c,question 2d,TOTAL
chappusr,2,2,2,3,9,10,2,0,0,1,3,3,2,0,0,1,3,4,0,0,0,0,0,0,0,1,1,1,10,0,5,9,9,51
liuyic11,2,2,2,3,9,10,2,2,2,3,9,10,2,2,2,2,8,10,0,0,0,0,0,0,0,8,8,11,10,5,0,0,4.6,61
xuyijia4,2,2,2,3,9,10,2,2,0,3,7,8,2,2,0,2,6,8,0,0,0,0,0,0,0,8,8,11,10,5,0,9,9,70
basraman,2,2,2,3,9,10,2,2,0,3,7,8,2,2,2,2,8,10,0,0,0,0,0,2,0,0,2,3,10,5,5,8.2,8.2,67
wangw214,2,2,2,3,9,10,2,2,2,3,9,10,2,2,2,2,8,10,2,0,2,2,2,2,2,8,20,27,10,0,0,0,0,67
luvicto1,2,2,2,3,9,10,0,0,0,0,0,0,0,2,2,0,4,5,2,0,2,2,2,2,2,8,20,27,10,5,0,10,1.8,69
zhuangs9,2,2,2,3,9,10,2,0,0,1,3,3,2,2,0,2,6,8,0,0,0,0,0,0,0,8,8,11,10,5,5,10,10,72
huang603,2,2,2,3,9,10,2,2,2,3,9,10,2,2,2,2,8,10,2,2,2,2,2,2,2,8,22,30,10,5,5,0,0,80
rabino34,2,2,2,3,9,10,2,2,2,3,9,10,2,2,2,2,8,10,2,2,2,2,2,2,2,8,22,30,10,5,5,0,0,80
yesmukha,2,2,2,3,9,10,2,0,0,2,4,4,2,2,0,2,6,8,0,0,0,0,0,0,0,8,8,11,10,5,5,9,10,72
mcellans,2,2,2,3,9,10,2,2,2,3,9,10,2,2,2,2,8,10,2,0,2,2,2,2,2,8,20,27,10,5,0,0,0,72
macdo744,2,2,2,3,9,10,2,2,2,3,9,10,2,2,2,2,8,10,2,2,2,2,2,2,2,8,22,30,10,5,0,0,3.6,79
cheriya7,2,2,2,3,9,10,2,2,2,3,9,10,2,2,2,2,8,10,2,2,2,2,2,2,2,7,21,29,10,5,0,0,0,74
utamast1,2,2,2,3,9,10,2,2,2,3,9,10,2,2,2,2,8,10,0,0,0,0,0,0,0,8,8,11,10,5,0,10,8.2,74
seifeldi,2,2,2,3,9,10,2,2,2,3,9,10,2,2,2,2,8,10,2,2,2,2,2,2,2,8,22,30,10,5,0,0,0,75
parksa64,2,2,2,3,9,10,2,2,2,3,9,10,2,2,2,2,8,10,0,0,0,0,0,0,0,8,8,11,10,5,0,10,10,76
yangyux7,2,2,2,3,9,10,2,2,2,3,9,10,2,2,2,2,8,10,2,0,2,2,2,2,2,7,19,26,10,5,5,0,0,76
byramatt,2,2,2,3,9,10,2,2,2,3,9,10,2,2,2,2,8,10,2,2,2,2,2,2,2,8,22,30,10,5,0,3.6,0,79
suyang5,2,2,2,3,9,10,0,0,0,0,0,0,2,2,2,2,8,10,2,0,2,2,2,2,2,8,20,27,10,0,0,10,10,77
zhaoch27,2,2,2,3,9,10,0,0,0,0,0,0,0,2,2,0,4,5,2,0,2,2,2,2,2,8,20,27,10,5,0,10,10,77
hejingne,2,2,2,3,9,10,2,2,2,3,9,10,0,2,2,0,4,5,2,0,2,2,2,2,2,8,20,27,10,5,5,5.4,0,77
chhabr28,2,2,2,3,9,10,2,2,2,3,9,10,2,2,2,2,8,10,2,2,2,2,2,2,2,8,22,30,10,5,5,0,0,80
hsuwils1,2,2,2,3,9,10,2,2,2,3,9,10,2,2,2,2,8,10,2,2,2,2,2,2,2,8,22,30,10,5,0,0,10,85
shar1057,2,2,2,3,9,10,2,2,2,3,9,10,2,2,2,2,8,10,2,2,2,2,2,2,2,8,22,30,10,5,5,0,0,80
haighcam,2,2,2,3,9,10,2,2,2,3,9,10,2,2,2,2,8,10,2,0,2,2,2,2,2,8,20,27,10,0,5,9,9,90
yangru30,2,2,2,3,9,10,2,2,2,3,9,10,2,2,2,2,8,10,2,2,2,2,2,2,2,8,22,30,10,0,5,3.6,1.8,80
shigongy,2,2,2,3,9,10,2,2,2,3,9,10,2,2,2,2,8,10,0,0,0,0,0,0,0,8,8,11,10,5,5,10,10,81
barrieri,2,2,2,3,9,10,2,2,2,3,9,10,0,0,0,0,0,0,2,2,2,2,2,2,2,8,22,30,10,5,0,9,10,84
yuanyu21,2,2,2,3,9,10,2,2,2,3,9,10,2,2,2,2,8,10,2,2,2,2,2,2,2,8,22,30,10,0,5,9,0,84
ruantian,2,2,2,3,9,10,0,0,0,0,0,0,0,2,2,0,4,5,2,0,2,2,2,2,2,8,20,27,10,5,5,10,10,82
zoulingj,2,2,2,3,9,10,2,2,2,3,9,10,2,2,2,2,8,10,2,2,2,2,2,2,2,8,22,30,10,0,0,7.2,5.4,83
yangzhey,2,2,2,3,9,10,2,2,0,3,7,8,2,2,2,2,8,10,2,0,2,2,2,2,0,7,17,23,10,5,5,1.8,10,83
luyizhen,2,2,2,3,9,10,2,2,2,3,9,10,2,2,2,2,8,10,2,2,2,2,2,2,2,8,22,30,10,5,0,0,8.2,83
huyouzhi,2,2,2,3,9,10,0,0,0,1,1,1,2,2,2,2,8,10,2,0,2,2,2,2,2,8,20,27,10,5,0,10,10,83
dingxuya,2,2,2,3,9,10,2,2,2,3,9,10,2,2,2,2,8,10,2,2,2,2,2,2,2,8,22,30,10,5,5,1.8,1.8,84
rosenb89,2,0,0,0,2,2,2,2,2,3,9,10,2,2,2,2,8,10,2,2,2,2,2,2,2,8,22,30,10,5,0,10,10,87
chushaok,2,2,2,3,9,10,2,2,2,3,9,10,2,2,2,2,8,10,2,0,2,2,2,2,2,8,20,27,10,5,5,10,0,87
lifu1,2,2,2,3,9,10,2,2,2,3,9,10,0,0,0,0,0,0,2,2,2,2,2,2,2,8,22,30,10,5,0,10,10,85
losteffy,2,2,2,3,9,10,2,2,2,3,9,10,2,2,2,2,8,10,2,2,2,2,2,2,2,8,22,30,10,5,0,0,10,85
mawyinmi,2,2,2,3,9,10,2,2,2,3,9,10,2,2,2,2,8,10,2,2,2,2,2,2,2,8,22,30,10,5,0,9,3.6,88
tangrae,2,2,2,3,9,10,2,0,2,1,5,6,2,2,2,2,8,10,2,2,2,2,2,2,2,8,22,30,10,5,0,9,9,89
memonas1,2,2,2,3,9,10,2,2,2,3,9,10,2,2,2,2,8,10,2,2,2,2,2,2,2,8,22,30,10,5,0,9,4.6,89
ferre246,2,2,2,3,9,10,2,2,2,3,9,10,2,2,2,2,8,10,2,0,0,0,0,2,0,8,12,16,10,5,5,10,10,86
weiszben,2,2,2,3,9,10,2,2,2,3,9,10,2,2,2,2,8,10,2,0,0,0,0,2,0,8,12,16,10,5,5,10,10,86
fangyuez,2,2,2,3,9,10,2,2,0,3,7,8,2,2,2,2,8,10,2,0,2,2,2,2,2,8,20,27,10,5,0,9,10,89
tegartjo,2,2,2,3,9,10,2,2,2,3,9,10,2,2,2,2,8,10,0,0,2,2,0,0,2,8,14,19,10,5,5,10,10,89
ninan3,2,2,2,3,9,10,2,2,2,3,9,10,2,2,2,2,8,10,2,2,2,2,2,2,2,8,22,30,10,5,0,1.8,10,87
shangj10,2,2,2,3,9,10,2,2,2,3,9,10,2,2,2,2,8,10,2,2,2,2,2,2,2,8,22,30,10,5,0,1.8,10,87
liutia57,2,2,2,3,9,10,2,2,2,3,9,10,2,2,2,2,8,10,2,2,2,2,2,2,2,8,22,30,10,5,0,9,5.4,89
zhuange2,2,2,2,3,9,10,2,2,2,3,9,10,2,2,2,2,8,10,2,0,2,2,2,2,2,8,20,27,10,5,5,10,10,97
soursmax,2,2,2,3,9,10,2,2,2,3,9,10,2,2,2,2,8,10,2,2,2,2,2,2,2,8,22,30,10,0,0,10,10,90
yangyah1,2,2,2,3,9,10,2,2,2,3,9,10,2,2,2,2,8,10,2,2,2,2,2,2,2,8,22,30,10,0,0,10,10,90
wongc143,2,2,2,3,9,10,2,2,2,3,9,10,2,2,2,2,8,10,2,0,2,2,2,2,2,8,20,27,10,5,0,9,9,90
yangale6,2,2,2,3,9,10,2,2,2,3,9,10,2,2,2,2,8,10,2,0,2,2,2,2,2,8,20,27,10,0,5,9,9,90
zhouyiw2,2,2,2,3,9,10,2,2,2,3,9,10,2,2,2,2,8,10,2,2,2,2,2,2,2,8,22,30,10,0,0,8.2,10,88
shiyong,2,2,2,3,9,10,2,2,2,3,9,10,2,2,2,2,8,10,2,2,2,2,2,2,2,8,22,30,10,5,0,3.6,10,89
lyujiahe,2,2,2,3,9,10,2,2,2,3,9,10,2,2,2,2,8,10,2,0,2,2,2,2,2,8,20,27,10,5,0,8.2,8.2,88
panealvi,2,2,2,3,9,10,2,2,2,3,9,10,2,2,2,2,8,10,2,2,2,2,2,2,2,8,22,30,10,0,0,10,9,89
wangme88,2,2,2,3,9,10,2,2,2,3,9,10,2,2,2,2,8,10,2,2,2,0,2,0,0,8,16,22,10,5,5,10,10,92
haqfarz1,2,2,2,3,9,10,2,2,2,3,9,10,2,2,2,2,8,10,2,2,2,2,2,2,2,8,22,30,10,5,0,7.2,10,92
gongxi10,2,2,2,3,9,10,2,2,2,3,9,10,2,2,2,2,8,10,2,0,2,2,2,2,2,8,20,27,10,5,0,10,10,92
dangbran,2,2,2,3,9,10,2,2,2,3,9,10,2,2,2,2,8,10,2,2,2,2,2,2,2,8,22,30,10,5,5,10,10,100
ganievam,2,2,2,3,9,10,2,2,2,3,9,10,2,2,2,2,8,10,2,2,2,2,2,2,2,8,22,30,10,0,0,10,10,90
gillreha,2,2,2,3,9,10,2,2,2,3,9,10,2,2,2,2,8,10,2,2,2,2,2,2,2,8,22,30,10,5,5,0,10,90
haowenji,2,2,2,3,9,10,2,2,2,3,9,10,2,2,2,2,8,10,2,2,2,2,2,2,2,8,22,30,10,5,5,0,10,90
lamhoan,2,2,2,3,9,10,2,2,2,3,9,10,2,2,2,2,8,10,2,2,2,2,2,2,2,8,22,30,10,0,0,10,10,90
nickooie,2,2,2,3,9,10,2,2,2,3,9,10,2,2,2,2,8,10,2,2,2,2,2,2,2,8,22,30,10,0,0,10,10,90
tanjingf,2,2,2,3,9,10,2,2,2,3,9,10,2,2,2,2,8,10,2,2,2,2,2,2,2,8,22,30,10,0,0,10,10,90
verreau4,2,2,2,3,9,10,2,2,2,3,9,10,2,2,2,2,8,10,2,2,2,2,2,2,2,8,22,30,10,5,5,10,10,100
zhouyuq6,2,2,2,3,9,10,2,2,2,3,9,10,2,2,2,2,8,10,2,2,2,2,2,2,2,8,22,30,10,0,0,10,10,90
zhuyiha5,2,2,2,3,9,10,2,2,2,3,9,10,2,2,2,2,8,10,2,2,2,2,2,2,2,8,22,30,10,5,5,10,0,90
abadysin,2,2,2,3,9,10,2,2,0,3,7,8,2,2,2,2,8,10,2,0,2,2,2,2,2,8,20,27,10,5,0,10,10,90
shahri24,2,2,2,3,9,10,2,2,2,3,9,10,2,2,2,2,8,10,2,2,2,2,2,2,2,8,22,30,10,5,0,10,5.4,90
xutian7,2,2,2,3,9,10,2,2,2,3,9,10,2,2,2,2,8,10,2,2,2,2,2,2,2,8,22,30,10,0,5,10,5.4,90
zhuyuha4,2,2,2,3,9,10,2,2,2,3,9,10,2,2,2,2,8,10,2,2,2,2,2,2,2,8,22,30,10,5,0,10,5.4,90
gaomarco,2,2,2,3,9,10,2,2,2,3,9,10,2,2,2,2,8,10,2,2,2,2,2,2,2,8,22,30,10,5,0,9,9,93
wulinyue,2,2,2,3,9,10,2,2,2,3,9,10,2,2,2,2,8,10,2,2,2,2,2,2,2,8,22,30,10,5,0,9,9,93
luzexia,2,2,2,3,9,10,2,2,2,3,9,10,2,2,2,2,8,10,2,2,2,2,2,2,2,8,22,30,10,5,5,5.4,5.4,91
salamsar,2,2,2,3,9,10,2,2,2,3,9,10,2,2,2,2,8,10,2,2,2,2,2,2,2,8,22,30,10,5,5,10,1,91
hantian9,2,2,2,3,9,10,2,2,2,3,9,10,2,2,2,2,8,10,2,2,2,2,2,2,2,8,22,30,10,5,5,3.6,10,94
onchris,2,2,2,3,9,10,2,2,2,3,9,10,2,2,2,2,8,10,2,2,2,2,2,2,2,8,22,30,10,0,5,8.2,8.2,91
kanghose,2,2,2,3,9,10,2,0,2,2,6,7,2,2,2,2,8,10,2,0,2,2,2,2,2,8,20,27,10,5,5,10,10,94
mohama28,2,2,2,3,9,10,2,2,2,3,9,10,2,2,2,2,8,10,2,2,2,2,2,2,2,8,22,30,10,5,5,7.2,7.2,94
shensiya,2,2,2,3,9,10,2,2,2,3,9,10,2,2,2,2,8,10,2,2,2,2,2,2,2,8,22,30,10,5,5,10,4.6,95
currierj,2,2,2,3,9,10,2,2,2,3,9,10,2,2,2,2,8,10,2,0,2,2,2,2,2,8,20,27,10,5,0,10,10,92
evloevma,2,2,2,3,9,10,2,2,2,3,9,10,2,2,2,2,8,10,2,0,2,2,2,2,2,8,20,27,10,5,0,10,10,92
khatta25,2,2,2,3,9,10,2,2,2,3,9,10,2,2,2,2,8,10,2,0,2,2,2,2,2,8,20,27,10,5,0,10,10,92
leesisob,2,2,2,3,9,10,2,2,2,3,9,10,2,2,2,2,8,10,2,2,2,2,0,2,2,8,20,27,10,5,0,10,10,92
niyihan,2,2,2,3,9,10,2,2,2,3,9,10,2,2,2,2,8,10,2,0,2,2,2,2,2,8,20,27,10,5,0,10,10,92
wangmi94,2,2,2,3,9,10,2,2,2,3,9,10,2,2,2,2,8,10,2,0,2,2,2,2,2,8,20,27,10,5,0,10,10,92
yautiff3,2,2,2,3,9,10,2,2,2,3,9,10,2,2,2,2,8,10,2,0,2,2,2,2,2,8,20,27,10,5,0,10,10,92
cheu1046,2,2,2,3,9,10,2,2,2,3,9,10,2,2,2,2,8,10,2,2,2,2,2,2,2,8,22,30,10,5,0,10,10,95
chowyi,2,2,2,3,9,10,2,2,2,3,9,10,2,2,2,2,8,10,2,2,2,2,2,2,2,8,22,30,10,5,0,10,10,95
hamzamaf,2,2,2,3,9,10,2,2,2,3,9,10,2,2,2,2,8,10,2,2,2,2,2,2,2,8,22,30,10,5,0,10,10,95
hoaustin,2,2,2,3,9,10,2,2,2,3,9,10,2,2,2,2,8,10,2,2,2,2,2,2,2,8,22,30,10,5,0,10,10,95
iplauren,2,2,2,3,9,10,2,2,2,3,9,10,2,2,2,2,8,10,2,2,2,2,2,2,2,8,22,30,10,5,0,10,10,95
khanm234,2,2,2,3,9,10,2,2,2,3,9,10,2,2,2,2,8,10,2,2,2,2,2,2,2,8,22,30,10,5,5,10,10,100
lefasath,2,2,2,3,9,10,2,2,2,3,9,10,2,2,2,2,8,10,2,2,2,2,2,2,2,8,22,30,10,5,0,10,10,95
luwenji1,2,2,2,3,9,10,2,2,2,3,9,10,2,2,2,2,8,10,2,2,2,2,2,2,2,8,22,30,10,5,0,10,10,95
qieqingy,2,2,2,3,9,10,2,2,2,3,9,10,2,2,2,2,8,10,2,2,2,2,2,2,2,8,22,30,10,5,0,10,10,95
semagnad,2,2,2,3,9,10,2,2,2,3,9,10,2,2,2,2,8,10,2,2,2,2,2,2,2,8,22,30,10,5,0,10,10,95
yangzh48,2,2,2,3,9,10,2,2,2,3,9,10,2,2,2,2,8,10,2,2,2,2,2,2,2,8,22,30,10,0,5,10,10,95
zhouxi82,2,2,2,3,9,10,2,2,2,3,9,10,2,2,2,2,8,10,2,2,2,2,2,2,2,8,22,30,10,5,0,10,10,95
chanjia2,2,2,2,3,9,10,2,2,2,3,9,10,2,2,2,2,8,10,2,2,2,2,2,2,2,7,21,29,10,5,0,9,10,93
lampui3,2,2,2,3,9,10,2,2,2,3,9,10,2,2,2,2,8,10,2,0,2,2,2,2,2,8,20,27,10,5,5,9,9,95
schnell2,2,2,2,3,9,10,2,2,2,3,9,10,2,2,2,2,8,10,2,0,2,2,2,2,2,8,20,27,10,5,5,9,9,95
shentuc2,2,2,2,3,9,10,2,2,2,3,9,10,2,2,2,2,8,10,2,0,2,2,2,2,2,8,20,27,10,5,5,9,9,95
luika6,2,2,2,3,9,10,2,2,2,3,9,10,2,2,2,2,8,10,2,2,2,2,2,2,2,8,22,30,10,5,5,7.2,8.2,95
pengch15,2,2,2,3,9,10,2,2,2,3,9,10,2,2,2,2,8,10,2,2,2,2,2,2,2,8,22,30,10,5,0,9,9,93
lichihen,2,2,2,3,9,10,2,2,2,3,9,10,2,2,2,2,8,10,2,2,2,2,2,2,2,8,22,30,10,5,0,10,8.2,93
mengchun,2,2,2,3,9,10,2,2,2,3,9,10,2,2,2,2,8,10,2,2,2,2,2,2,2,8,22,30,10,5,0,10,8.2,93
nijingwe,2,2,2,3,9,10,2,2,2,3,9,10,2,2,2,2,8,10,2,2,2,2,2,2,2,8,22,30,10,0,5,10,8.2,93
shemeshr,2,2,2,3,9,10,2,2,2,3,9,10,2,2,2,2,8,10,2,2,2,2,2,2,2,8,22,30,10,0,5,10,8.2,93
taoyi3,2,2,2,3,9,10,2,2,2,3,9,10,2,2,2,2,8,10,2,2,2,2,2,2,2,8,22,30,10,5,0,10,8.2,93
tortori5,2,2,2,3,9,10,2,2,2,3,9,10,2,2,2,2,8,10,2,2,2,2,2,2,2,8,22,30,10,5,0,10,8.2,93
hufeiran,2,2,2,3,9,10,2,2,2,3,9,10,2,2,2,2,8,10,2,2,2,2,2,2,2,8,22,30,10,5,5,3.6,10,94
chochan2,2,2,2,3,9,10,2,2,2,3,9,10,2,2,2,2,8,10,2,2,2,2,2,2,2,8,22,30,10,5,0,9,10,94
houchuyi,2,2,2,3,9,10,2,2,2,3,9,10,2,2,2,2,8,10,2,2,2,2,2,2,2,8,22,30,10,5,0,9,10,94
desaipr5,2,2,2,3,9,10,2,2,2,3,9,10,2,2,2,2,8,10,2,2,2,2,2,2,2,7,21,29,10,5,5,9,9,97
kongjen6,2,2,2,3,9,10,2,0,2,2,6,7,2,2,2,2,8,10,2,2,2,2,2,2,2,8,22,30,10,5,5,10,10,97
heymanan,2,2,2,3,9,10,2,2,2,3,9,10,2,2,2,2,8,10,2,0,2,2,2,2,2,8,20,27,10,5,5,10,7.2,94
houxinyi,2,2,2,3,9,10,2,2,2,3,9,10,2,2,2,2,8,10,2,2,2,0,2,2,2,6,18,25,10,5,5,10,10,95
leejor12,2,2,2,3,9,10,2,2,2,3,9,10,2,2,2,2,8,10,2,0,2,2,2,2,0,8,18,25,10,5,5,10,10,95
yangke16,2,2,2,3,9,10,2,2,2,3,9,10,2,2,2,2,8,10,2,0,0,2,2,2,2,8,18,25,10,5,5,10,10,95
srini113,2,2,2,3,9,10,2,2,2,3,9,10,2,2,2,2,8,10,2,0,2,2,2,2,2,8,20,27,10,5,5,10,10,97
yewen2,2,2,2,3,9,10,2,2,2,3,9,10,2,2,2,2,8,10,2,0,2,2,2,2,2,8,20,27,10,5,5,10,10,97
koongjun,2,2,2,3,9,10,2,2,2,3,9,10,2,2,2,2,8,10,2,2,2,2,2,2,2,7,21,29,10,5,5,9,7.2,95
agarw135,2,2,2,3,9,10,2,2,2,3,9,10,2,2,2,2,8,10,2,2,2,2,2,2,2,8,22,30,10,5,0,10,10,95
ashfaqna,2,2,2,3,9,10,2,2,2,3,9,10,2,2,2,2,8,10,2,2,2,2,2,2,2,8,22,30,10,0,5,10,10,95
cannalex,2,2,2,3,9,10,2,2,2,3,9,10,2,2,2,2,8,10,2,2,2,2,2,2,2,8,22,30,10,5,0,10,10,95
chengj60,2,2,2,3,9,10,2,2,2,3,9,10,2,2,2,2,8,10,2,2,2,2,2,2,2,8,22,30,10,5,0,10,10,95
chenzi68,2,2,2,3,9,10,2,2,2,3,9,10,2,2,2,2,8,10,2,2,2,2,2,2,2,8,22,30,10,5,0,10,10,95
chinsenj,2,2,2,3,9,10,2,2,2,3,9,10,2,2,2,2,8,10,2,2,2,2,2,2,2,8,22,30,10,0,5,10,10,95
cuiwei6,2,2,2,3,9,10,2,2,2,3,9,10,2,2,2,2,8,10,2,2,2,2,2,2,2,8,22,30,10,0,5,10,10,95
elegiro,2,2,2,3,9,10,2,2,2,3,9,10,2,2,2,2,8,10,2,2,2,2,2,2,2,8,22,30,10,5,0,10,10,95
eshostew,2,2,2,3,9,10,2,2,2,3,9,10,2,2,2,2,8,10,2,2,2,2,2,2,2,8,22,30,10,5,0,10,10,95
houjiaw1,2,2,2,3,9,10,2,2,2,3,9,10,2,2,2,2,8,10,2,2,2,2,2,2,2,8,22,30,10,5,0,10,10,95
jianpei,2,2,2,3,9,10,2,2,2,3,9,10,2,2,2,2,8,10,2,2,2,2,2,2,2,8,22,30,10,5,0,10,10,95
khanmoza,2,2,2,3,9,10,2,2,2,3,9,10,2,2,2,2,8,10,2,2,2,2,2,2,2,8,22,30,10,5,0,10,10,95
kongli14,2,2,2,3,9,10,2,2,2,3,9,10,2,2,2,2,8,10,2,2,2,2,2,2,2,8,22,30,10,5,0,10,10,95
lijieho1,2,2,2,3,9,10,2,2,2,3,9,10,2,2,2,2,8,10,2,2,2,2,2,2,2,8,22,30,10,5,0,10,10,95
lisijia6,2,2,2,3,9,10,2,2,2,3,9,10,2,2,2,2,8,10,2,2,2,2,2,2,2,8,22,30,10,5,0,10,10,95
lugeorg2,2,2,2,3,9,10,2,2,2,3,9,10,2,2,2,2,8,10,2,2,2,2,2,2,2,8,22,30,10,5,0,10,10,95
mahesh25,2,2,2,3,9,10,2,2,2,3,9,10,2,2,2,2,8,10,2,2,2,2,2,2,2,8,22,30,10,5,0,10,10,95
maokathe,2,2,2,3,9,10,2,2,2,3,9,10,2,2,2,2,8,10,2,2,2,2,2,2,2,8,22,30,10,5,0,10,10,95
nasithar,2,2,2,3,9,10,2,2,2,3,9,10,2,2,2,2,8,10,2,2,2,2,2,2,2,8,22,30,10,0,5,10,10,95
shihjere,2,2,2,3,9,10,2,2,2,3,9,10,2,2,2,2,8,10,2,2,2,2,2,2,2,8,22,30,10,5,0,10,10,95
sunmorga,2,2,2,3,9,10,2,2,2,3,9,10,2,2,2,2,8,10,2,2,2,2,2,2,2,8,22,30,10,5,0,10,10,95
sunsiche,2,2,2,3,9,10,2,2,2,3,9,10,2,2,2,2,8,10,2,2,2,2,2,2,2,8,22,30,10,5,0,10,10,95
sunyixi4,2,2,2,3,9,10,2,2,2,3,9,10,2,2,2,2,8,10,2,2,2,2,2,2,2,8,22,30,10,5,0,10,10,95
taovicto,2,2,2,3,9,10,2,2,2,3,9,10,2,2,2,2,8,10,2,2,2,2,2,2,2,8,22,30,10,5,0,10,10,95
vijaysid,2,2,2,3,9,10,2,2,2,3,9,10,2,2,2,2,8,10,2,2,2,2,2,2,2,8,22,30,10,5,0,10,10,95
wangy808,2,2,2,3,9,10,2,2,2,3,9,10,2,2,2,2,8,10,2,2,2,2,2,2,2,8,22,30,10,5,0,10,10,95
xiangji5,2,2,2,3,9,10,2,2,2,3,9,10,2,2,2,2,8,10,2,2,2,2,2,2,2,8,22,30,10,5,0,10,10,95
zengzeng,2,2,2,3,9,10,2,2,2,3,9,10,2,2,2,2,8,10,2,2,2,2,2,2,2,8,22,30,10,5,0,10,10,95
zhan2199,2,2,2,3,9,10,2,2,2,3,9,10,2,2,2,2,8,10,2,2,2,2,2,2,2,8,22,30,10,5,0,10,10,95
zhan2840,2,2,2,3,9,10,2,2,2,3,9,10,2,2,2,2,8,10,2,2,2,2,2,2,2,8,22,30,10,5,0,10,10,95
zhaoch46,2,2,2,3,9,10,2,2,2,3,9,10,2,2,2,2,8,10,2,2,2,2,2,2,2,8,22,30,10,5,0,10,10,95
liwensh2,2,2,2,3,9,10,2,2,0,3,7,8,2,2,2,2,8,10,2,0,2,2,2,2,2,8,20,27,10,5,5,10,10,95
patel594,2,2,2,3,9,10,2,2,0,3,7,8,2,2,2,2,8,10,2,0,2,2,2,2,2,8,20,27,10,5,5,10,10,95
rafiiary,2,2,2,3,9,10,2,2,0,3,7,8,2,2,2,2,8,10,2,0,2,2,2,2,2,8,20,27,10,5,5,10,10,95
chenha94,2,2,2,3,9,10,2,2,2,3,9,10,2,2,2,2,8,10,2,2,2,2,2,2,2,8,22,30,10,5,5,7.2,8.2,95
liangfe5,2,2,2,3,9,10,2,2,2,3,9,10,2,2,2,2,8,10,2,2,2,2,2,2,2,8,22,30,10,5,5,7.2,8.2,95
mousav26,2,2,2,3,9,10,2,2,2,3,9,10,2,2,2,2,8,10,2,2,2,2,2,2,2,8,22,30,10,5,5,10,5.4,95
geyufei,2,2,2,3,9,10,2,2,2,3,9,10,2,2,2,2,8,10,2,0,2,2,2,2,2,8,20,27,10,5,5,10,8.2,95
zhujiada,2,2,2,3,9,10,2,2,2,3,9,10,2,2,2,2,8,10,2,0,2,2,2,2,2,8,20,27,10,5,5,8.2,10,95
agarwalu,2,2,2,3,9,10,2,2,2,3,9,10,2,2,2,2,8,10,2,2,2,2,2,2,2,8,22,30,10,5,5,9,9,98
broadbr3,2,2,2,3,9,10,2,2,2,3,9,10,2,2,2,2,8,10,2,2,2,2,2,2,2,8,22,30,10,5,5,9,9,98
chris171,2,2,2,3,9,10,2,2,2,3,9,10,2,2,2,2,8,10,2,2,2,2,2,2,2,8,22,30,10,5,5,9,9,98
goatcher,2,2,2,3,9,10,2,2,2,3,9,10,2,2,2,2,8,10,2,2,2,2,2,2,2,8,22,30,10,5,5,9,9,98
kongdeho,2,2,2,3,9,10,2,2,2,3,9,10,2,2,2,2,8,10,2,2,2,2,2,2,2,8,22,30,10,5,5,9,9,98
wangc292,2,2,2,3,9,10,2,2,2,3,9,10,2,2,2,2,8,10,2,2,2,2,2,2,2,8,22,30,10,5,5,9,9,98
wangfein,2,2,2,3,9,10,2,2,2,3,9,10,2,2,2,2,8,10,2,2,2,2,2,2,2,8,22,30,10,5,5,9,9,98
lizhouy1,2,2,2,3,9,10,2,2,2,3,9,10,2,2,2,2,8,10,2,2,2,2,2,2,2,8,22,30,10,5,5,8.2,10,98
wonger27,2,2,2,3,9,10,2,2,2,3,9,10,2,2,2,2,8,10,2,2,2,2,2,2,2,8,22,30,10,5,5,10,8.2,98
yuyuexia,2,2,2,3,9,10,2,2,2,3,9,10,2,2,2,2,8,10,2,2,2,2,2,2,2,8,22,30,10,5,5,10,8.2,98
linzhip1,2,2,2,3,9,10,2,2,2,3,9,10,2,2,2,2,8,10,2,2,2,2,2,2,2,8,22,30,10,5,5,8.2,8.2,96
panliwei,2,2,2,3,9,10,2,2,2,3,9,10,2,2,2,2,8,10,2,2,2,2,2,2,2,8,22,30,10,5,5,8.2,8.2,96
harrisp5,2,2,2,3,9,10,2,2,2,3,9,10,2,2,2,2,8,10,2,2,2,2,2,2,2,8,22,30,10,5,5,9,10,99
rueangs1,2,2,2,3,9,10,2,2,2,3,9,10,2,2,2,2,8,10,2,2,2,2,2,2,2,8,22,30,10,5,5,9,10,99
zouzhihe,2,2,2,3,9,10,2,2,2,3,9,10,2,2,2,2,8,10,2,2,2,2,2,2,2,8,22,30,10,5,5,9,10,99
chongal3,2,2,2,3,9,10,2,2,2,3,9,10,2,2,2,2,8,10,2,2,2,2,2,2,2,8,22,30,10,5,5,7.2,10,97
gongch10,2,2,2,3,9,10,2,2,2,3,9,10,2,2,2,2,8,10,2,0,2,2,2,2,2,8,20,27,10,5,5,10,10,97
lijiaru3,2,2,2,3,9,10,2,2,2,3,9,10,2,2,2,2,8,10,2,0,2,2,2,2,2,8,20,27,10,5,5,10,10,97
shenlin5,2,2,2,3,9,10,2,2,2,3,9,10,2,2,2,2,8,10,2,0,2,2,2,2,2,8,20,27,10,5,5,10,10,97
sunqiaoe,2,2,2,3,9,10,2,2,2,3,9,10,2,2,2,2,8,10,2,0,2,2,2,2,2,8,20,27,10,5,5,10,10,97
wangdua1,2,2,2,3,9,10,2,2,2,3,9,10,2,2,2,2,8,10,2,0,2,2,2,2,2,8,20,27,10,5,5,10,10,97
wuyucan,2,2,2,3,9,10,2,2,2,3,9,10,2,2,2,2,8,10,2,0,2,2,2,2,2,8,20,27,10,5,5,10,10,97
xujiaqia,2,2,2,3,9,10,2,2,2,3,9,10,2,2,2,2,8,10,2,0,2,2,2,2,2,8,20,27,10,5,5,10,10,97
yangzh59,2,2,2,3,9,10,2,2,2,3,9,10,2,2,2,2,8,10,2,0,2,2,2,2,2,8,20,27,10,5,5,10,10,97
cheniyu,2,2,2,3,9,10,2,2,2,3,9,10,2,2,2,2,8,10,2,2,2,2,2,2,2,8,22,30,10,5,5,10,10,100
chenj371,2,2,2,3,9,10,2,2,2,3,9,10,2,2,2,2,8,10,2,2,2,2,2,2,2,8,22,30,10,5,5,10,10,100
chinhou,2,2,2,3,9,10,2,2,2,3,9,10,2,2,2,2,8,10,2,2,2,2,2,2,2,8,22,30,10,5,5,10,10,100
dubob,2,2,2,3,9,10,2,2,2,3,9,10,2,2,2,2,8,10,2,2,2,2,2,2,2,8,22,30,10,5,5,10,10,100
hungtrum,2,2,2,3,9,10,2,2,2,3,9,10,2,2,2,2,8,10,2,2,2,2,2,2,2,8,22,30,10,5,5,10,10,100
jiangb14,2,2,2,3,9,10,2,2,2,3,9,10,2,2,2,2,8,10,2,2,2,2,2,2,2,8,22,30,10,5,5,10,10,100
kapadi45,2,2,2,3,9,10,2,2,2,3,9,10,2,2,2,2,8,10,2,2,2,2,2,2,2,8,22,30,10,5,5,10,10,100
karaden2,2,2,2,3,9,10,2,2,2,3,9,10,2,2,2,2,8,10,2,2,2,2,2,2,2,8,22,30,10,5,5,10,10,100
leibmany,2,2,2,3,9,10,2,2,2,3,9,10,2,2,2,2,8,10,2,2,2,2,2,2,2,8,22,30,10,5,5,10,10,100
linangus,2,2,2,3,9,10,2,2,2,3,9,10,2,2,2,2,8,10,2,2,2,2,2,2,2,8,22,30,10,5,5,10,10,100
liuyi76,2,2,2,3,9,10,2,2,2,3,9,10,2,2,2,2,8,10,2,2,2,2,2,2,2,8,22,30,10,5,5,10,10,100
naiduani,2,2,2,3,9,10,2,2,2,3,9,10,2,2,2,2,8,10,2,2,2,2,2,2,2,8,22,30,10,5,5,10,10,100
parkji69,2,2,2,3,9,10,2,2,2,3,9,10,2,2,2,2,8,10,2,2,2,2,2,2,2,8,22,30,10,5,5,10,10,100
tanrober,2,2,2,3,9,10,2,2,2,3,9,10,2,2,2,2,8,10,2,2,2,2,2,2,2,8,22,30,10,5,5,10,10,100
tarimalp,2,2,2,3,9,10,2,2,2,3,9,10,2,2,2,2,8,10,2,2,2,2,2,2,2,8,22,30,10,5,5,10,10,100
truon146,2,2,2,3,9,10,2,2,2,3,9,10,2,2,2,2,8,10,2,2,2,2,2,2,2,8,22,30,10,5,5,10,10,100
wangru72,2,2,2,3,9,10,2,2,2,3,9,10,2,2,2,2,8,10,2,2,2,2,2,2,2,8,22,30,10,5,5,10,10,100
wangt172,2,2,2,3,9,10,2,2,2,3,9,10,2,2,2,2,8,10,2,2,2,2,2,2,2,8,22,30,10,5,5,10,10,100
wongra22,2,2,2,3,9,10,2,2,2,3,9,10,2,2,2,2,8,10,2,2,2,2,2,2,2,8,22,30,10,5,5,10,10,100
wulinda5,2,2,2,3,9,10,2,2,2,3,9,10,2,2,2,2,8,10,2,2,2,2,2,2,2,8,22,30,10,5,5,10,10,100
yeyufei,2,2,2,3,9,10,2,2,2,3,9,10,2,2,2,2,8,10,2,2,2,2,2,2,2,8,22,30,10,5,5,10,10,100
yusabri3,2,2,2,3,9,10,2,2,2,3,9,10,2,2,2,2,8,10,2,2,2,2,2,2,2,8,22,30,10,5,5,10,10,100
zhaitian,2,2,2,3,9,10,2,2,2,3,9,10,2,2,2,2,8,10,2,2,2,2,2,2,2,8,22,30,10,5,5,10,10,100
zhan5179,2,2,2,3,9,10,2,2,2,3,9,10,2,2,2,2,8,10,2,2,2,2,2,2,2,8,22,30,10,5,5,10,10,100
shicaiqu,2,2,2,3,9,10,2,2,2,3,9,10,2,2,2,2,8,10,2,2,2,2,2,2,2,8,22,30,10,5,5,9,9,98
caimengx,2,2,2,3,9,10,2,2,2,3,9,10,2,2,2,2,8,10,2,2,2,2,2,2,2,8,22,30,10,5,5,10,8.2,98
chayeon,2,2,2,3,9,10,2,2,2,3,9,10,2,2,2,2,8,10,2,2,2,2,2,2,2,8,22,30,10,5,5,8.2,10,98
chenj368,2,2,2,3,9,10,2,2,2,3,9,10,2,2,2,2,8,10,2,2,2,2,2,2,2,8,22,30,10,5,5,10,8.2,98
fangyun2,2,2,2,3,9,10,2,2,2,3,9,10,2,2,2,2,8,10,2,2,2,2,2,2,2,8,22,30,10,5,5,10,8.2,98
goelarna,2,2,2,3,9,10,2,2,2,3,9,10,2,2,2,2,8,10,2,2,2,2,2,2,2,8,22,30,10,5,5,8.2,10,98
leejas45,2,2,2,3,9,10,2,2,2,3,9,10,2,2,2,2,8,10,2,2,2,2,2,2,2,8,22,30,10,5,5,10,8.2,98
nathanyc,2,2,2,3,9,10,2,2,2,3,9,10,2,2,2,2,8,10,2,2,2,2,2,2,2,8,22,30,10,5,5,10,8.2,98
qiukewei,2,2,2,3,9,10,2,2,2,3,9,10,2,2,2,2,8,10,2,2,2,2,2,2,2,8,22,30,10,5,5,10,8.2,98
wangc273,2,2,2,3,9,10,2,2,2,3,9,10,2,2,2,2,8,10,2,2,2,2,2,2,2,8,22,30,10,5,5,10,8.2,98
zhouha27,2,2,2,3,9,10,2,2,2,3,9,10,2,2,2,2,8,10,2,2,2,2,2,2,2,8,22,30,10,5,5,8.2,10,98
weiqiyao,2,2,2,3,9,10,2,2,2,3,9,10,2,2,2,2,8,10,2,2,2,2,2,2,2,8,22,30,10,5,5,9,10,99
abdul249,2,2,2,3,9,10,2,2,2,3,9,10,2,2,2,2,8,10,2,2,2,2,2,2,2,8,22,30,10,5,5,10,10,100
akhundo2,2,2,2,3,9,10,2,2,2,3,9,10,2,2,2,2,8,10,2,2,2,2,2,2,2,8,22,30,10,5,5,10,10,100
bishayyo,2,2,2,3,9,10,2,2,2,3,9,10,2,2,2,2,8,10,2,2,2,2,2,2,2,8,22,30,10,5,5,10,10,100
castaban,2,2,2,3,9,10,2,2,2,3,9,10,2,2,2,2,8,10,2,2,2,2,2,2,2,8,22,30,10,5,5,10,10,100
chenc245,2,2,2,3,9,10,2,2,2,3,9,10,2,2,2,2,8,10,2,2,2,2,2,2,2,8,22,30,10,5,5,10,10,100
chenhsu6,2,2,2,3,9,10,2,2,2,3,9,10,2,2,2,2,8,10,2,2,2,2,2,2,2,8,22,30,10,5,5,10,10,100
chenka28,2,2,2,3,9,10,2,2,2,3,9,10,2,2,2,2,8,10,2,2,2,2,2,2,2,8,22,30,10,5,5,10,10,100
chensilu,2,2,2,3,9,10,2,2,2,3,9,10,2,2,2,2,8,10,2,2,2,2,2,2,2,8,22,30,10,5,5,10,10,100
chensiq3,2,2,2,3,9,10,2,2,2,3,9,10,2,2,2,2,8,10,2,2,2,2,2,2,2,8,22,30,10,5,5,10,10,100
chenzey4,2,2,2,3,9,10,2,2,2,3,9,10,2,2,2,2,8,10,2,2,2,2,2,2,2,8,22,30,10,5,5,10,10,100
cuiyifa1,2,2,2,3,9,10,2,2,2,3,9,10,2,2,2,2,8,10,2,2,2,2,2,2,2,8,22,30,10,5,5,10,10,100
fanvince,2,2,2,3,9,10,2,2,2,3,9,10,2,2,2,2,8,10,2,2,2,2,2,2,2,8,22,30,10,5,5,10,10,100
guptaay3,2,2,2,3,9,10,2,2,2,3,9,10,2,2,2,2,8,10,2,2,2,2,2,2,2,8,22,30,10,5,5,10,10,100
hazzour4,2,2,2,3,9,10,2,2,2,3,9,10,2,2,2,2,8,10,2,2,2,2,2,2,2,8,22,30,10,5,5,10,10,100
hetianji,2,2,2,3,9,10,2,2,2,3,9,10,2,2,2,2,8,10,2,2,2,2,2,2,2,8,22,30,10,5,5,10,10,100
houzhuoy,2,2,2,3,9,10,2,2,2,3,9,10,2,2,2,2,8,10,2,2,2,2,2,2,2,8,22,30,10,5,5,10,10,100
kachura3,2,2,2,3,9,10,2,2,2,3,9,10,2,2,2,2,8,10,2,2,2,2,2,2,2,8,22,30,10,5,5,10,10,100
kuaitian,2,2,2,3,9,10,2,2,2,3,9,10,2,2,2,2,8,10,2,2,2,2,2,2,2,8,22,30,10,5,5,10,10,100
leetim13,2,2,2,3,9,10,2,2,2,3,9,10,2,2,2,2,8,10,2,2,2,2,2,2,2,8,22,30,10,5,5,10,10,100
letri1,2,2,2,3,9,10,2,2,2,3,9,10,2,2,2,2,8,10,2,2,2,2,2,2,2,8,22,30,10,5,5,10,10,100
lien2,2,2,2,3,9,10,2,2,2,3,9,10,2,2,2,2,8,10,2,2,2,2,2,2,2,8,22,30,10,5,5,10,10,100
liquanzh,2,2,2,3,9,10,2,2,2,3,9,10,2,2,2,2,8,10,2,2,2,2,2,2,2,8,22,30,10,5,5,10,10,100
liuqiyi,2,2,2,3,9,10,2,2,2,3,9,10,2,2,2,2,8,10,2,2,2,2,2,2,2,8,22,30,10,5,5,10,10,100
lixin39,2,2,2,3,9,10,2,2,2,3,9,10,2,2,2,2,8,10,2,2,2,2,2,2,2,8,22,30,10,5,5,10,10,100
loutfige,2,2,2,3,9,10,2,2,2,3,9,10,2,2,2,2,8,10,2,2,2,2,2,2,2,8,22,30,10,5,5,10,10,100
lumeng5,2,2,2,3,9,10,2,2,2,3,9,10,2,2,2,2,8,10,2,2,2,2,2,2,2,8,22,30,10,5,5,10,10,100
malikal7,2,2,2,3,9,10,2,2,2,3,9,10,2,2,2,2,8,10,2,2,2,2,2,2,2,8,22,30,10,5,5,10,10,100
maoyu4,2,2,2,3,9,10,2,2,2,3,9,10,2,2,2,2,8,10,2,2,2,2,2,2,2,8,22,30,10,5,5,10,10,100
masonla1,2,2,2,3,9,10,2,2,2,3,9,10,2,2,2,2,8,10,2,2,2,2,2,2,2,8,22,30,10,5,5,10,10,100
nagraha3,2,2,2,3,9,10,2,2,2,3,9,10,2,2,2,2,8,10,2,2,2,2,2,2,2,8,22,30,10,5,5,10,10,100
pandajyo,2,2,2,3,9,10,2,2,2,3,9,10,2,2,2,2,8,10,2,2,2,2,2,2,2,8,22,30,10,5,5,10,10,100
qianshuj,2,2,2,3,9,10,2,2,2,3,9,10,2,2,2,2,8,10,2,2,2,2,2,2,2,8,22,30,10,5,5,10,10,100
ruanmich,2,2,2,3,9,10,2,2,2,3,9,10,2,2,2,2,8,10,2,2,2,2,2,2,2,8,22,30,10,5,5,10,10,100
saigalad,2,2,2,3,9,10,2,2,2,3,9,10,2,2,2,2,8,10,2,2,2,2,2,2,2,8,22,30,10,5,5,10,10,100
sewardm1,2,2,2,3,9,10,2,2,2,3,9,10,2,2,2,2,8,10,2,2,2,2,2,2,2,8,22,30,10,5,5,10,10,100
shenyuc1,2,2,2,3,9,10,2,2,2,3,9,10,2,2,2,2,8,10,2,2,2,2,2,2,2,8,22,30,10,5,5,10,10,100
sudarsa5,2,2,2,3,9,10,2,2,2,3,9,10,2,2,2,2,8,10,2,2,2,2,2,2,2,8,22,30,10,5,5,10,10,100
tongyuch,2,2,2,3,9,10,2,2,2,3,9,10,2,2,2,2,8,10,2,2,2,2,2,2,2,8,22,30,10,5,5,10,10,100
trinhvi4,2,2,2,3,9,10,2,2,2,3,9,10,2,2,2,2,8,10,2,2,2,2,2,2,2,8,22,30,10,5,5,10,10,100
wangan28,2,2,2,3,9,10,2,2,2,3,9,10,2,2,2,2,8,10,2,2,2,2,2,2,2,8,22,30,10,5,5,10,10,100
wangs291,2,2,2,3,9,10,2,2,2,3,9,10,2,2,2,2,8,10,2,2,2,2,2,2,2,8,22,30,10,5,5,10,10,100
wangx562,2,2,2,3,9,10,2,2,2,3,9,10,2,2,2,2,8,10,2,2,2,2,2,2,2,8,22,30,10,5,5,10,10,100
wangz395,2,2,2,3,9,10,2,2,2,3,9,10,2,2,2,2,8,10,2,2,2,2,2,2,2,8,22,30,10,5,5,10,10,100
wongbasi,2,2,2,3,9,10,2,2,2,3,9,10,2,2,2,2,8,10,2,2,2,2,2,2,2,8,22,30,10,5,5,10,10,100
wutao4,2,2,2,3,9,10,2,2,2,3,9,10,2,2,2,2,8,10,2,2,2,2,2,2,2,8,22,30,10,5,5,10,10,100
xiangyix,2,2,2,3,9,10,2,2,2,3,9,10,2,2,2,2,8,10,2,2,2,2,2,2,2,8,22,30,10,5,5,10,10,100
xuyuan11,2,2,2,3,9,10,2,2,2,3,9,10,2,2,2,2,8,10,2,2,2,2,2,2,2,8,22,30,10,5,5,10,10,100
yefengka,2,2,2,3,9,10,2,2,2,3,9,10,2,2,2,2,8,10,2,2,2,2,2,2,2,8,22,30,10,5,5,10,10,100
yuanbei1,2,2,2,3,9,10,2,2,2,3,9,10,2,2,2,2,8,10,2,2,2,2,2,2,2,8,22,30,10,5,5,10,10,100
yulizhi,2,2,2,3,9,10,2,2,2,3,9,10,2,2,2,2,8,10,2,2,2,2,2,2,2,8,22,30,10,5,5,10,10,100
zhan4450,2,2,2,3,9,10,2,2,2,3,9,10,2,2,2,2,8,10,2,2,2,2,2,2,2,8,22,30,10,5,5,10,10,100
zhaodana,2,2,2,3,9,10,2,2,2,3,9,10,2,2,2,2,8,10,2,2,2,2,2,2,2,8,22,30,10,5,5,10,10,100
zhaowe50,2,2,2,3,9,10,2,2,2,3,9,10,2,2,2,2,8,10,2,2,2,2,2,2,2,8,22,30,10,5,5,10,10,100
zhengbo8,2,2,2,3,9,10,2,2,2,3,9,10,2,2,2,2,8,10,2,2,2,2,2,2,2,8,22,30,10,5,5,10,10,100
zhouyi52,2,2,2,3,9,10,2,2,2,3,9,10,2,2,2,2,8,10,2,2,2,2,2,2,2,8,22,30,10,5,5,10,10,100